PassengerId,Survived,Pclass,Sex,Embarked,AgeGroup,Fare,relatives,not_alone,Name_Letter
1,0,3,0,3,5,15.5,1,0,12
2,0,1,0,1,6,77.2875,1,0,23
3,0,2,0,1,6,13,0,1,6
4,0,3,0,1,4,9.5,0,1,8
5,0,2,0,1,6,13,0,1,1
6,1,2,1,1,1,27.75,3,0,23
7,0,3,0,1,5,69.55,10,0,19
8,0,3,0,1,5,69.55,10,0,19
9,1,3,1,1,6,7,1,0,23
10,1,1,1,1,4,263,5,0,6
11,0,3,0,1,5,15.85,1,0,8
12,0,3,0,2,5,6.4375,1,0,20
13,0,3,0,1,4,7.7958,0,1,10
14,1,3,1,2,4,19.2583,3,0,2
15,0,2,0,3,6,12.35,0,1,11
16,0,1,0,2,5,39.6,0,1,2
17,1,3,1,1,1,20.575,3,0,4
18,1,1,1,2,3,262.375,4,0,18
19,0,3,0,1,6,24.15,0,1,12
20,1,1,0,2,6,29.7,0,1,3
21,1,3,0,1,5,7.925,0,1,19
22,1,3,0,1,5,56.4958,0,1,3
23,0,3,0,1,1,46.9,7,0,7
24,1,3,1,1,5,164.8667,2,0,23
25,1,3,0,1,5,56.4958,0,1,2
26,1,1,1,2,6,71.2833,1,0,3
27,0,2,0,1,5,13.5,0,1,14
28,1,3,0,1,6,17.4,1,0,4
29,1,2,1,1,5,13,0,1,23
30,0,3,0,2,4,6.4375,0,1,20
31,0,1,0,1,6,52,1,0,8
32,0,3,1,1,5,69.55,10,0,19
33,0,2,0,1,4,13,0,1,5
34,0,2,0,1,5,13,0,1,19
35,0,3,0,3,5,7.8292,0,1,11
36,0,1,0,2,4,79.2,0,1,7
37,0,1,0,2,6,30.6958,0,1,19
38,1,2,1,1,5,26,1,0,6
39,1,1,0,1,6,26.2875,0,1,3
40,1,1,1,1,7,78.85,1,0,3
41,0,3,0,2,2,15.2458,2,0,2
42,0,3,0,1,5,20.525,2,0,7
43,1,1,0,1,5,26.55,0,1,2
44,0,3,1,3,4,7.75,0,1,3
45,1,1,1,2,5,247.5208,2,0,4
46,0,1,0,1,7,221.7792,1,0,19
47,1,1,1,2,6,75.25,1,0,23
48,1,3,1,2,6,7.225,0,1,1
49,1,2,1,1,5,30,2,0,3
50,0,3,0,1,1,21.075,4,0,16
51,1,1,1,1,4,55,1,0,2
52,0,2,0,1,6,12.525,0,1,2
53,1,1,1,1,6,211.3375,0,1,11
54,0,3,0,1,4,7.925,0,1,1
55,1,2,1,1,3,13,2,0,19
56,1,2,1,1,2,33,1,0,8
57,0,1,0,1,6,34.0208,0,1,23
58,0,1,0,1,5,25.925,0,1,2
59,0,3,1,1,6,7.775,6,0,1
60,0,2,0,1,6,26,0,1,13
61,0,3,0,2,5,7.225,0,1,1
62,1,3,0,2,6,15.2458,2,0,13
63,1,2,0,1,1,14.5,2,0,8
64,1,3,0,1,5,7.925,0,1,10
65,0,1,0,1,5,66.6,1,0,16
66,1,1,1,2,6,106.425,1,0,4
67,1,2,0,1,5,13,0,1,2
68,1,1,1,2,5,27.7208,0,1,18
69,1,1,0,1,5,26,0,1,19
70,0,3,0,1,3,7.8542,2,0,11
71,0,3,0,1,5,8.05,0,1,1
72,0,3,0,1,3,7.8958,0,1,19
73,1,1,0,2,5,29.7,0,1,13
74,0,2,0,1,4,0,0,1,23
75,0,3,1,2,5,14.4542,1,0,11
76,0,3,0,1,6,0,0,1,12
77,1,1,0,1,5,53.1,1,0,3
78,0,1,1,2,6,31.6792,0,1,5
79,0,3,0,1,4,7.925,0,1,16
80,0,3,0,3,4,7.75,0,1,19
81,1,3,1,3,4,15.5,1,0,13
82,0,3,0,1,5,7.775,1,0,16
83,1,1,1,2,6,27.7208,0,1,12
84,0,2,0,1,5,13.5,0,1,13
85,1,2,0,2,5,12.7375,0,1,16
86,0,3,0,1,4,8.05,0,1,13
87,0,3,0,1,6,26,1,0,6
88,0,3,1,1,2,31.275,6,0,1
89,1,2,1,1,5,13,0,1,16
90,0,1,0,2,7,61.9792,1,0,15
91,1,1,1,3,5,90,1,0,13
92,0,3,1,3,5,7.6292,0,1,3
93,0,2,0,1,6,65,3,0,8
94,0,1,0,1,6,26.55,0,1,6
95,0,2,0,1,5,12.275,0,1,8
96,0,1,0,2,5,211.5,2,0,23
97,1,3,1,1,5,164.8667,0,1,2
98,1,1,0,2,3,110.8833,2,0,20
99,0,3,1,3,4,7.75,0,1,13
100,0,1,0,1,6,0,0,1,18
101,0,3,0,1,6,8.05,0,1,23
102,0,3,0,1,5,7.8958,0,1,16
103,0,3,0,1,4,9.5,0,1,12
104,0,1,0,1,5,26.55,0,1,18
105,0,3,0,1,5,7.8958,0,1,4
106,0,3,0,3,6,7.75,0,1,6
107,0,3,1,1,6,7.55,0,1,8
108,1,1,1,2,5,136.7792,1,0,3
109,0,3,0,1,4,7.8958,0,1,16
110,0,3,0,3,6,7.75,0,1,6
111,1,1,1,1,5,211.3375,0,1,1
112,1,2,1,2,4,27.7208,1,0,4
113,0,3,0,1,3,7.0542,1,0,10
114,0,3,1,1,1,10.4625,1,0,19
115,0,3,1,2,6,14.4542,1,0,2
116,0,3,0,1,3,8.6625,0,1,3
117,1,1,1,1,3,79.65,2,0,20
118,0,3,0,1,3,8.05,2,0,4
119,0,3,0,1,6,7.25,0,1,3
120,1,2,1,1,5,27.75,3,0,23
121,0,1,0,2,6,59.4,1,0,18
122,0,3,0,1,3,8.6625,0,1,3
123,0,3,0,2,3,7.2292,0,1,4
124,0,3,0,1,5,7.8542,0,1,10
125,1,2,1,1,1,39,3,0,2
126,0,3,0,1,4,7.8542,0,1,3
127,0,3,0,1,6,15.1,0,1,5
128,1,1,1,2,5,106.425,0,1,12
129,0,3,1,1,5,7.8542,0,1,15
130,0,2,0,1,5,13,0,1,16
131,0,3,0,2,3,14.4583,0,1,25
132,0,3,1,2,3,14.4583,0,1,1
133,1,3,1,3,5,7.7208,0,1,18
134,1,2,1,1,6,15.75,0,1,23
135,1,3,0,1,6,8.05,0,1,4
136,0,3,0,1,6,27.9,5,0,19
137,0,3,0,1,6,7.2,0,1,19
138,1,1,0,2,5,28.5375,0,1,20
139,1,3,0,1,5,9.5,0,1,19
140,0,3,1,3,3,7.2833,0,1,2
141,0,1,0,1,3,31,0,1,3
142,0,3,0,1,5,7.25,0,1,23
143,0,1,0,1,4,53.1,1,0,13
144,0,2,0,1,6,14,0,1,13
145,1,1,1,1,5,83.475,1,0,8
146,0,3,0,1,5,7.775,0,1,10
147,0,3,0,1,3,7.8958,0,1,9
148,0,3,0,1,5,8.05,0,1,19
149,0,2,0,1,6,13,0,1,22
150,1,1,0,1,6,26.55,0,1,18
151,1,1,1,2,6,211.5,2,0,23
152,0,3,0,1,4,14.5,0,1,16
153,0,2,0,1,4,13,0,1,2
154,0,3,0,1,6,25.4667,4,0,12
155,1,3,1,2,4,15.7417,2,0,14
156,1,1,1,2,5,76.2917,0,1,2
157,0,3,0,1,4,8.05,0,1,16
158,0,3,0,2,6,7.2292,0,1,2
159,1,3,1,3,6,7.7792,0,1,19
160,0,3,0,3,5,7.75,0,1,3
161,0,3,0,1,6,8.6625,0,1,4
162,0,3,0,1,3,7.775,0,1,5
163,0,3,0,1,6,8.05,0,1,13
164,0,2,0,1,5,13,0,1,2
165,0,3,0,1,4,7.8958,0,1,22
166,0,3,0,1,6,7.05,0,1,7
167,0,3,0,1,5,17.8,1,0,1
168,0,3,0,1,4,9.225,0,1,15
169,0,2,0,1,5,13,0,1,13
170,0,1,0,1,3,50,0,1,18
171,1,3,0,1,6,7.925,0,1,14
172,0,3,1,2,3,14.4542,1,0,26
173,0,2,0,2,6,15.0458,0,1,19
174,0,3,1,1,4,34.375,4,0,6
175,0,3,0,2,6,14.4542,1,0,11
176,0,3,0,3,5,7.8792,0,1,6
177,0,3,0,1,6,7.8958,0,1,20
178,0,3,0,1,4,7.25,0,1,16
179,1,2,1,1,3,19.5,1,0,13
180,1,3,0,3,6,7.75,0,1,15
181,1,1,1,2,4,83.1583,0,1,8
182,0,1,0,1,6,26,0,1,19
183,0,3,0,3,2,29.125,5,0,18
184,0,2,0,1,4,11.5,0,1,3
185,0,3,0,1,1,31.3875,6,0,1
186,0,3,0,1,4,19.9667,1,0,8
187,0,3,1,3,3,7.7333,0,1,8
188,0,1,0,1,6,30.5,0,1,13
189,1,3,0,1,1,20.575,3,0,4
190,0,2,0,1,5,26,1,0,1
191,1,3,1,3,6,7.75,0,1,15
192,1,3,1,1,3,8.05,0,1,2
193,1,3,1,1,4,7.25,0,1,12
194,0,2,0,1,4,10.5,0,1,12
195,1,3,1,2,1,15.7417,2,0,14
196,0,3,1,1,6,27.9,5,0,19
197,0,1,0,1,6,26.55,0,1,3
198,1,2,0,1,2,32.5,2,0,4
199,1,1,1,2,6,262.375,0,1,3
200,0,2,0,1,5,10.5,0,1,11
201,0,1,0,2,7,34.6542,0,1,7
202,0,1,0,1,7,33.5,0,1,22
203,1,2,0,1,1,26,2,0,14
204,0,1,0,1,5,151.55,3,0,1
205,1,3,0,1,4,7.7958,0,1,11
206,0,2,0,1,4,73.5,2,0,8
207,0,1,0,1,7,26.55,0,1,13
208,0,1,0,2,4,27.7208,0,1,19
209,0,3,0,1,5,15.85,1,0,2
210,0,2,0,1,5,13,0,1,4
211,1,3,1,3,4,7.7875,0,1,13
212,0,3,0,1,5,7.8958,0,1,11
213,0,2,0,1,6,21,1,0,7
214,0,2,0,1,6,26,0,1,4
215,0,3,0,1,4,8.05,0,1,18
216,0,1,0,1,6,35.5,0,1,2
217,0,3,0,1,6,8.05,0,1,16
218,0,1,0,2,6,40.125,0,1,18
219,0,3,0,3,5,7.75,1,0,11
220,1,2,1,1,6,13,0,1,2
221,0,1,0,2,5,227.525,0,1,18
222,1,3,1,1,5,20.575,3,0,4
223,1,3,0,1,5,7.5792,0,1,12
224,1,1,1,2,7,83.1583,2,0,3
225,0,1,0,1,6,0,0,1,1
226,0,1,0,1,7,263,5,0,6
227,1,1,1,1,3,133.65,1,0,6
228,0,3,0,1,5,7.875,0,1,26
229,0,2,0,1,5,13,0,1,19
230,1,2,1,1,5,13,0,1,19
231,0,3,0,1,4,8.4333,0,1,11
232,0,3,0,3,3,7.7292,0,1,19
233,1,2,0,1,1,39,3,0,2
234,0,3,0,1,6,9.5,0,1,23
235,0,3,1,3,6,7.8792,0,1,13
236,1,2,0,1,1,29,2,0,3
237,0,2,0,1,6,21,1,0,16
238,0,3,0,1,5,56.4958,0,1,12
239,0,3,0,1,5,7.8958,0,1,2
240,1,2,1,1,5,26,1,0,8
241,1,1,0,2,6,55.4417,1,0,19
242,1,1,1,1,7,77.9583,1,0,1
243,0,3,1,1,6,69.55,10,0,19
244,0,1,0,2,6,83.1583,2,0,3
245,0,3,0,1,5,7.8958,0,1,3
246,1,2,0,1,2,36.75,2,0,4
247,1,3,1,3,6,7.7333,0,1,13
248,1,3,1,3,6,15.5,1,0,13
249,0,3,0,1,4,7.05,0,1,1
250,1,3,1,1,5,11.1333,2,0,10
251,0,2,1,1,5,26,2,0,12
252,0,3,0,1,4,7.775,0,1,1
253,0,3,0,1,2,27.9,5,0,19
254,0,3,0,3,4,8.4583,0,1,13
255,0,2,0,1,5,13,0,1,13
256,1,3,1,1,5,7.8542,0,1,14
257,0,3,0,1,6,8.05,0,1,23
258,0,3,0,1,4,7.8542,0,1,14
259,0,3,1,1,3,8.05,0,1,13
260,0,3,0,2,5,7.8958,0,1,4
261,1,2,1,1,2,26.25,2,0,8
262,0,3,0,1,5,8.6625,2,0,11
263,0,1,0,2,6,29.7,1,0,14
264,0,3,0,3,5,7.75,0,1,6
265,1,1,0,1,5,35.5,0,1,19
266,0,3,0,1,2,39.6875,5,0,16
267,1,3,1,2,5,113.275,1,0,14
268,1,1,0,1,5,26.55,0,1,19
269,0,3,0,1,3,69.55,10,0,19
270,0,3,0,1,4,7.8958,0,1,12
271,1,3,0,1,5,7.65,0,1,1
272,0,1,0,2,6,211.5,2,0,23
273,0,2,0,1,6,13,0,1,8
274,1,2,0,1,4,10.5,0,1,3
275,1,3,0,2,2,15.2458,2,0,20
276,0,3,0,1,5,7.775,0,1,1
277,0,3,0,2,5,7.2292,0,1,11
278,1,2,1,1,6,26,1,0,1
279,0,1,0,1,6,26.55,0,1,12
280,1,1,0,1,6,26.3875,0,1,6
281,0,2,0,1,6,10.5,0,1,18
282,0,3,1,1,5,25.4667,4,0,12
283,0,3,0,1,4,14.5,0,1,18
284,0,2,0,1,4,11.5,1,0,7
285,0,3,0,1,6,7,0,1,16
286,1,3,1,1,6,31.3875,6,0,1
287,1,1,1,1,6,51.4792,2,0,2
288,1,2,1,1,5,26,1,0,19
289,1,3,1,3,3,8.0292,0,1,13
290,0,1,0,1,6,52,0,1,16
291,0,1,0,1,6,221.7792,0,1,6
292,1,1,0,1,6,26.55,0,1,1
293,1,1,1,1,3,120,3,0,3
294,1,3,0,1,5,7.7958,0,1,1
295,1,2,1,1,3,211.3375,1,0,13
296,0,1,0,1,5,42.4,0,1,8
297,1,3,1,2,4,7.225,0,1,13
298,1,2,1,1,5,12.65,0,1,20
299,0,1,0,2,5,30.6958,0,1,8
300,1,3,0,1,5,9.5,0,1,19
301,0,3,0,1,6,14.1083,2,0,8
302,0,2,0,1,3,73.5,0,1,4
303,1,1,1,2,6,135.6333,0,1,23
304,0,3,0,1,2,46.9,7,0,7
305,0,3,0,3,4,6.75,0,1,2
306,1,2,1,1,6,26,1,0,16
307,1,3,0,1,4,7.7958,0,1,10
308,1,3,0,3,3,7.75,0,1,13
309,1,1,1,1,6,77.9583,1,0,8
310,1,1,0,2,6,28.5,0,1,7
311,1,3,1,3,4,23.25,2,0,13
312,1,1,0,1,6,26.55,0,1,4
313,0,3,0,3,6,24.15,1,0,13
314,0,2,0,1,5,13,0,1,14
315,1,3,1,1,5,8.6833,0,1,15
316,0,3,0,1,6,14.5,2,0,22
317,0,3,1,3,3,6.75,0,1,8
318,1,3,0,1,5,7.7958,0,1,20
319,0,3,0,2,4,4.0125,0,1,2
320,0,3,0,1,3,8.05,0,1,18
321,1,1,1,1,6,52.5542,2,0,2
322,1,3,1,1,5,15.85,3,0,2
323,0,3,0,1,6,7.55,0,1,1
324,0,3,1,1,2,46.9,7,0,7
325,1,1,1,1,4,26.55,0,1,23
326,1,1,1,2,5,31,0,1,19
327,1,1,1,1,6,120,3,0,3
328,0,1,0,1,6,53.1,1,0,6
329,1,1,1,1,3,86.5,0,1,13
330,1,3,0,1,2,3.1708,1,0,15
331,0,3,0,1,5,8.05,0,1,13
332,0,3,0,1,5,9.5,0,1,22
333,1,3,1,2,5,15.2458,2,0,13
334,1,3,1,1,4,7.75,0,1,14
335,1,3,0,1,5,7.775,0,1,13
336,1,2,1,1,4,82.2667,1,0,19
337,0,3,0,1,1,27.9,5,0,19
338,1,1,1,1,6,79.65,2,0,20
339,0,3,0,1,3,8.3,0,1,1
340,0,3,0,1,5,7.8542,0,1,10
341,1,1,1,2,5,56.9292,0,1,6
342,0,3,0,1,4,7.775,0,1,2
343,0,1,0,2,6,61.3792,1,0,23
344,1,2,1,2,1,41.5792,3,0,12
345,0,1,0,1,6,26,0,1,10
346,1,1,0,1,2,120,3,0,3
347,0,1,0,1,3,51.8625,0,1,8
348,1,1,0,2,6,512.3292,1,0,3
349,0,3,0,2,5,7.2292,0,1,14
350,0,2,0,1,5,13,0,1,8
351,0,3,0,3,4,24.15,0,1,18
352,0,3,0,1,4,7.55,0,1,12
353,0,3,0,3,6,7.75,0,1,15
354,0,3,0,1,5,8.05,0,1,19
355,0,2,0,1,5,13,0,1,7
356,0,2,0,1,5,0,0,1,3
357,1,1,1,1,5,31.6833,0,1,6
358,0,1,0,2,6,29.7,0,1,4
359,1,2,1,2,4,41.5792,3,0,12
360,0,3,0,2,6,7.225,0,1,25
361,0,3,1,1,5,7.8958,0,1,16
362,0,3,0,3,5,7.8292,0,1,15
363,1,2,0,1,4,10.5,0,1,13
364,0,3,0,2,3,7.225,0,1,25
365,1,1,1,1,4,151.55,0,1,3
366,1,3,0,1,5,56.4958,0,1,12
367,0,3,0,1,4,7.775,0,1,7
368,1,1,1,2,6,76.2917,0,1,2
369,0,3,0,1,3,8.6625,0,1,16
370,0,3,0,2,5,7.2292,0,1,9
371,0,1,0,1,6,153.4625,1,0,7
372,1,3,1,2,5,13.8583,1,0,4
373,1,1,0,1,4,82.2667,1,0,19
374,1,2,0,1,4,10.5,0,1,15
375,1,2,1,1,5,26,1,0,3
376,1,3,1,1,4,7.65,0,1,19
377,0,3,0,1,3,39.6875,5,0,16
378,1,3,0,3,5,7.75,0,1,11
379,0,3,0,1,3,16.1,1,0,4
380,0,3,1,3,4,15.5,1,0,12
381,0,3,0,3,7,7.75,0,1,3
382,0,3,0,1,4,7.8542,0,1,8
383,0,2,0,2,6,12.875,0,1,12
384,0,3,1,1,6,46.9,7,0,7
385,0,2,0,1,4,11.5,1,0,7
386,0,2,1,1,6,26,1,0,8
387,0,3,0,1,5,8.05,0,1,19
388,1,1,1,1,6,153.4625,1,0,7
389,1,3,1,2,2,15.2458,2,0,20
390,0,2,0,1,5,13,0,1,19
391,0,3,0,3,7,7.75,0,1,4
392,1,3,1,3,3,7.75,0,1,3
393,0,1,0,1,6,26.55,0,1,2
394,0,2,0,1,5,13,0,1,3
395,0,3,0,1,4,7.8958,0,1,3
396,0,3,1,1,4,9.825,1,0,10
397,0,2,0,2,5,41.5792,3,0,12
398,0,3,1,1,4,10.5167,0,1,4
399,0,3,0,1,3,9.5,0,1,4
400,1,1,1,2,4,69.3,0,1,19
401,0,3,0,1,5,7.775,0,1,12
402,0,2,0,1,5,26,1,0,2
403,1,2,1,1,5,26,2,0,17
404,0,3,1,1,5,24.15,2,0,22
405,0,2,1,1,5,26,1,0,3
406,0,3,0,1,5,14.5,2,0,22
407,0,1,0,3,6,90,2,0,13
408,1,1,1,1,6,25.9292,0,1,19
409,0,3,0,1,4,8.05,0,1,4
410,0,1,0,2,5,136.7792,1,0,3
411,0,2,0,1,4,73.5,2,0,8
412,0,3,0,1,4,8.1583,0,1,3
413,1,1,1,1,5,135.6333,0,1,2
414,0,3,0,1,5,7.7958,0,1,3
415,0,3,0,1,4,9.8458,0,1,7
416,0,1,0,2,6,110.8833,2,0,20
417,0,3,0,2,3,7.225,0,1,20
418,0,3,0,1,6,7.65,0,1,8
419,0,3,0,1,5,7.05,0,1,1
420,0,3,0,1,5,7.55,0,1,23
421,0,3,1,1,4,8.6625,0,1,15
422,0,3,0,1,5,7.25,0,1,8
423,1,3,1,3,4,7.75,0,1,13
424,1,1,1,2,6,110.8833,2,0,20
425,0,3,0,3,5,7.7375,0,1,11
426,0,2,0,2,5,30.0708,1,0,14
427,1,1,0,2,4,63.3583,1,0,7
428,1,3,0,3,5,7.75,0,1,4
429,0,3,0,1,4,7.8958,0,1,14
430,1,1,0,2,5,30,0,1,2
431,0,3,1,1,6,23.45,3,0,10
432,0,3,0,1,5,9.5,0,1,22
433,1,3,1,3,3,7.7375,0,1,13
434,0,3,0,1,2,31.3875,6,0,1
435,0,3,0,1,6,7.8958,0,1,14
436,1,2,0,1,5,13,0,1,23
437,1,1,1,2,3,108.9,1,0,16
438,0,3,1,1,1,12.1833,2,0,11
439,0,1,0,1,3,35,0,1,23
440,0,3,0,1,3,34.375,4,0,6
441,0,2,0,1,6,26,1,0,3
442,1,3,1,1,4,8.05,0,1,4
443,0,3,0,1,4,0,0,1,10
444,0,2,0,1,4,31.5,2,0,10
445,0,2,0,1,6,13,0,1,15
446,0,3,0,3,2,29.125,5,0,18
447,0,3,0,2,5,27.7208,1,0,4
448,0,3,0,2,4,7.225,0,1,19
449,0,3,0,1,5,7.8542,0,1,11
450,1,1,0,2,2,134.5,2,0,19
451,0,3,1,1,2,31.275,6,0,1
452,1,3,0,1,2,20.525,2,0,7
453,0,3,1,1,3,25.4667,4,0,12
454,1,1,1,1,5,151.55,0,1,4
455,0,3,1,3,5,8.1375,0,1,16
456,1,3,1,2,4,22.3583,2,0,16
457,1,1,1,1,4,30,0,1,7
458,0,1,0,2,5,82.1708,1,0,13
459,0,3,0,1,3,7.75,0,1,2
460,0,3,0,1,5,8.05,0,1,18
461,0,3,0,1,4,24.15,2,0,4
462,0,3,1,1,3,7.775,0,1,16
463,1,1,1,1,6,164.8667,2,0,23
464,1,2,1,1,3,39,2,0,2
465,1,2,1,1,5,26,1,0,23
466,1,3,1,1,3,16.1,1,0,3
467,1,1,1,2,6,57.9792,1,0,8
468,0,2,0,1,6,13,0,1,7
469,0,3,0,1,6,8.05,0,1,18
470,0,3,0,1,4,8.05,0,1,2
471,0,1,0,1,5,52,0,1,3
472,1,3,1,1,5,12.475,0,1,4
473,0,3,0,1,5,7.925,0,1,12
474,0,3,0,1,5,8.6542,0,1,10
475,1,3,1,1,3,7.65,0,1,1
476,0,3,0,1,2,46.9,7,0,7
477,0,3,0,1,6,7.25,0,1,5
478,1,1,1,2,4,113.275,1,0,14
479,0,3,0,1,3,8.05,0,1,6
480,0,3,1,1,4,8.6625,0,1,15
481,1,3,1,3,4,7.8792,0,1,4
482,0,3,1,1,3,17.8,1,0,1
483,0,1,0,2,6,79.2,0,1,18
484,0,3,0,2,5,7.225,0,1,26
485,1,1,0,2,6,35.5,0,1,19
486,1,2,1,1,4,18.75,5,0,18
487,0,3,1,1,3,69.55,10,0,19
488,0,1,0,1,7,71,2,0,3
489,0,3,0,1,4,7.8958,0,1,20
490,0,2,0,1,6,27,1,0,10
491,0,3,0,1,4,8.6625,0,1,16
492,1,1,0,2,5,91.0792,1,0,2
493,0,2,0,1,6,39,2,0,2
494,0,3,0,1,6,7.75,0,1,23
495,1,1,1,2,6,262.375,0,1,2
496,0,2,0,1,4,73.5,0,1,8
497,0,3,0,1,6,7.25,0,1,11
498,0,2,0,1,5,10.5,0,1,19
499,0,3,0,2,4,21.6792,2,0,19
500,0,3,0,1,4,23.45,3,0,10
501,0,3,0,2,3,14.4542,1,0,3
502,0,3,0,1,5,8.05,0,1,23
503,1,3,0,1,1,11.1333,2,0,10
504,0,3,0,1,4,16.1,0,1,2
505,0,3,1,1,4,9.825,1,0,10
506,0,2,0,1,3,10.5,0,1,6
507,0,2,0,1,4,11.5,3,0,8
508,0,3,1,1,2,21.075,4,0,16
509,1,3,1,2,3,7.225,0,1,14
510,0,3,0,2,5,7.8958,0,1,11
511,1,3,0,1,6,7.925,0,1,19
512,1,1,1,1,6,263,5,0,6
513,0,3,0,2,5,14.4542,1,0,25
514,1,1,1,2,6,78.2667,1,0,19
515,0,2,0,1,6,26.25,2,0,8
516,0,3,0,1,6,6.45,0,1,8
517,1,1,1,1,5,53.1,1,0,3
518,1,3,0,2,3,22.3583,2,0,16
519,0,3,0,1,4,7.5208,0,1,11
520,0,3,0,1,4,7.25,0,1,12
521,1,2,1,1,6,10.5,0,1,20
522,0,3,1,1,3,18,2,0,22
523,1,3,1,1,3,9.35,1,0,1
524,0,3,0,1,5,8.3625,0,1,7
525,1,2,1,1,6,26.25,2,0,8
526,1,1,1,1,6,51.4792,2,0,1
527,0,2,0,1,4,13,0,1,7
528,0,3,0,2,6,14.4583,1,0,3
529,0,3,0,1,7,6.2375,0,1,14
530,1,1,0,1,6,0,0,1,9
531,1,2,1,1,4,10.5,0,1,3
532,1,2,1,1,5,23,1,0,4
533,0,1,0,1,5,26,0,1,13
534,0,3,0,1,6,7.775,0,1,18
535,0,3,0,1,4,7.8958,0,1,4
536,1,3,1,3,6,23.25,2,0,13
537,1,3,1,1,5,22.025,2,0,11
538,1,1,1,1,3,53.1,1,0,13
539,0,1,0,1,4,0,0,1,6
540,0,3,0,1,3,7.75,0,1,13
541,0,3,0,1,6,0,0,1,10
542,0,3,0,1,6,7.925,0,1,19
543,0,2,0,1,7,10.5,0,1,23
544,0,3,0,1,6,8.05,0,1,19
545,0,3,1,1,2,24.15,2,0,22
546,1,3,0,2,5,7.2292,0,1,11
547,0,1,0,2,7,75.25,1,0,23
548,1,1,0,1,6,30.5,0,1,19
549,0,3,0,1,4,8.05,0,1,19
550,0,3,0,1,6,7.8542,0,1,10
551,0,3,1,1,6,23.45,3,0,10
552,1,1,1,1,5,53.1,1,0,6
553,1,2,0,1,1,26,2,0,14
554,1,2,1,1,6,10.5,0,1,18
555,0,3,0,1,4,10.1708,0,1,4
556,0,2,0,1,6,26,2,0,14
557,0,3,1,3,6,7.75,0,1,3
558,0,3,1,1,1,13.775,2,0,16
559,0,2,0,1,6,27.75,3,0,23
560,0,3,0,1,4,7.8958,0,1,16
561,0,3,0,1,5,9.4833,0,1,12
562,0,3,1,1,5,14.4,2,0,4
563,0,2,0,1,6,13,0,1,2
564,1,3,1,2,3,7.2292,0,1,1
565,1,1,1,1,6,211.3375,1,0,18
566,0,3,0,1,3,7.05,0,1,10
567,1,2,0,1,1,18.75,2,0,18
568,0,3,0,1,5,7.8958,0,1,16
569,1,1,1,1,5,52,1,0,8
570,1,1,1,1,5,93.5,0,1,16
571,0,2,0,1,5,10.5,0,1,16
572,0,1,0,2,6,113.275,2,0,14
573,0,3,0,1,6,8.7125,0,1,23
574,1,3,0,2,1,8.5167,1,0,20
575,0,3,1,1,1,31.275,6,0,1
576,0,3,0,1,2,14.5,2,0,22
577,1,2,1,1,6,13.5,0,1,11
578,1,1,0,1,5,57,1,0,4
579,0,3,0,1,4,8.05,0,1,3
580,0,3,0,1,6,8.05,0,1,13
581,1,1,1,2,6,63.3583,1,0,7
582,0,1,0,1,4,93.5,0,1,16
583,0,3,0,1,3,8.6625,0,1,3
584,1,1,1,2,6,79.2,2,0,6
585,0,3,0,2,5,7.225,0,1,26
586,1,3,1,1,6,17.4,1,0,4
587,0,3,0,1,5,7.775,0,1,10
588,1,3,1,1,3,7.4958,0,1,19
589,0,1,0,1,5,30,0,1,12
590,1,3,1,1,7,9.5875,0,1,20
591,1,1,1,2,5,110.8833,0,1,6
592,1,1,1,2,6,78.2667,1,0,5
593,1,3,0,1,5,9.5,0,1,4
594,1,3,0,1,1,31.3875,6,0,1
595,1,1,1,1,3,52,1,0,20
596,1,3,1,1,1,11.1333,2,0,10
597,0,3,0,3,3,15.5,0,1,13
598,0,3,1,1,4,16.1,1,0,13
599,0,3,0,1,4,8.05,0,1,19
600,0,3,0,1,5,7.775,0,1,2
601,0,3,0,3,6,15.5,2,0,2
602,1,3,1,1,4,16.7,2,0,19
603,0,1,0,1,6,78.85,1,0,3
604,1,3,1,2,1,13.4167,1,0,11
605,0,3,0,1,5,7.8958,0,1,19
606,0,3,0,1,4,69.55,10,0,19
607,1,1,1,2,5,79.2,0,1,20
608,0,3,0,1,5,7.8958,0,1,18
609,0,3,0,3,5,7.75,0,1,13
610,0,3,1,1,2,31.275,6,0,1
611,1,3,0,2,4,15.7417,2,0,14
612,0,1,1,2,6,28.7125,0,1,9
613,0,3,0,2,2,18.7875,0,1,8
614,0,3,0,1,5,9.5,0,1,22
615,0,3,0,1,5,18,3,0,22
616,0,3,0,3,5,7.75,0,1,13
617,0,3,0,1,5,8.05,0,1,20
618,0,3,0,1,6,8.05,0,1,7
619,1,2,1,1,2,15.75,0,1,23
620,0,3,0,3,5,7.75,0,1,15
621,0,1,0,2,6,106.425,1,0,4
622,0,1,0,1,6,25.5875,0,1,3
623,0,3,0,1,5,8.05,0,1,13
624,1,1,1,2,4,69.3,0,1,1
625,1,1,0,2,6,56.9292,1,0,4
626,0,3,0,1,6,7.4958,0,1,3
627,1,1,1,2,6,59.4,1,0,18
628,0,3,1,1,5,7.925,1,0,9
629,0,3,0,1,5,7.925,2,0,7
630,0,3,1,1,1,27.9,5,0,19
631,0,3,0,1,3,7.8958,0,1,13
632,0,2,0,1,6,10.5,0,1,7
633,0,2,0,2,4,15.0458,0,1,18
634,1,3,0,2,2,11.2417,1,0,14
635,0,2,0,1,6,26,1,0,3
636,1,1,1,2,5,82.1708,1,0,13
637,0,3,0,2,4,7.225,0,1,1
638,0,3,0,2,5,7.8958,0,1,13
639,0,3,0,1,5,7.25,0,1,1
640,1,2,1,2,1,41.5792,3,0,12
641,0,3,0,1,3,46.9,7,0,7
642,0,3,0,1,6,16.1,1,0,3
643,1,2,1,1,6,19.5,1,0,13
644,0,3,1,1,4,7.925,0,1,8
645,0,2,0,1,6,26,1,0,8
646,1,1,0,1,6,52.5542,1,0,11
647,0,3,0,1,5,7.775,0,1,16
648,0,3,0,1,5,7.925,0,1,13
649,0,3,0,3,4,7.75,0,1,11
650,0,3,1,3,6,29.125,5,0,18
651,0,3,1,1,6,9.475,1,0,1
652,0,3,0,1,6,7.85,0,1,7
653,1,1,1,2,6,247.5208,1,0,2
654,1,1,0,1,1,81.8583,2,0,4
655,0,3,0,1,5,8.05,0,1,19
656,1,3,0,1,3,8.05,0,1,3
657,1,3,0,2,5,18.7875,0,1,1
658,0,3,0,1,4,7.25,1,0,2
659,1,3,1,1,3,7.775,0,1,14
660,0,2,0,1,4,13.5,0,1,7
661,0,3,0,1,4,7.7958,0,1,2
662,0,1,0,1,6,83.475,1,0,8
663,0,3,0,1,3,39.6875,5,0,16
664,0,3,1,3,4,7.75,0,1,4
665,0,3,1,2,6,15.2458,2,0,2
666,0,3,0,3,4,7.7333,0,1,3
667,1,2,0,2,4,13.8625,0,1,14
668,1,3,1,1,5,7.925,0,1,8
669,0,3,0,1,3,34.375,4,0,6
670,1,1,0,1,6,81.8583,2,0,4
671,1,1,1,2,4,49.5,2,0,6
672,0,3,0,3,4,7.7333,0,1,15
673,1,1,0,2,5,76.7292,0,1,8
674,0,1,0,2,5,211.5,0,1,11
675,0,3,0,3,4,7.75,0,1,3
676,0,2,0,1,6,15,0,1,10
677,1,2,1,1,5,13.5,0,1,23
678,0,3,0,1,5,16.1,0,1,23
679,0,3,0,1,6,7.925,2,0,7
680,0,3,0,1,6,7.125,0,1,14
681,1,1,1,2,5,134.5,0,1,23
682,0,2,0,1,6,26,1,0,12
683,0,3,1,1,5,7.775,0,1,8
684,1,3,1,1,4,12.2875,2,0,8
685,1,3,0,1,6,56.4958,0,1,8
686,0,3,1,1,5,15.55,1,0,12
687,0,3,1,1,6,31.275,6,0,1
688,1,3,0,1,5,7.8542,0,1,10
689,0,3,0,2,5,7.2292,0,1,18
690,1,1,0,2,5,55.4417,1,0,8
691,1,3,1,3,5,7.8792,0,1,13
692,0,2,0,1,3,26,0,1,7
693,0,1,0,1,6,26.55,0,1,2
694,0,3,0,1,5,8.6625,0,1,19
695,1,2,1,1,1,26,2,0,17
696,0,3,0,1,6,8.05,0,1,11
697,0,1,0,2,5,26,0,1,2
698,0,3,1,3,5,7.75,0,1,13
699,0,2,0,1,5,10.5,0,1,10
700,1,1,1,1,5,90,1,0,8
701,0,3,0,1,3,7.575,0,1,19
702,1,1,1,1,6,51.8625,1,0,11
703,1,3,1,2,5,22.3583,2,0,16
704,1,2,1,1,5,10.5,0,1,14
705,0,3,0,1,5,7.25,0,1,3
706,1,3,1,1,6,15.9,2,0,3
707,0,3,1,1,3,7.8542,0,1,22
708,0,2,0,1,5,13,0,1,13
709,1,1,0,1,6,133.65,2,0,6
710,0,3,0,3,5,7.75,0,1,19
711,1,1,0,2,5,512.3292,0,1,12
712,1,1,1,1,6,25.9292,0,1,12
713,1,1,0,1,6,30.5,0,1,16
714,0,1,0,1,6,26,0,1,10
715,1,2,1,1,5,10.5,0,1,12
716,0,1,0,1,5,52,1,0,4
717,1,1,0,1,5,26.2875,0,1,19
718,1,2,1,1,6,16,0,1,8
719,0,3,0,1,4,7.8958,0,1,19
720,1,2,1,1,4,13,0,1,2
721,0,3,1,1,4,9.8375,0,1,19
722,1,3,0,1,4,8.05,0,1,4
723,0,2,0,1,5,21,1,0,18
724,1,3,1,3,5,7.75,0,1,8
725,0,2,0,1,5,10.5,0,1,3
726,0,3,0,1,1,39.6875,5,0,16
727,0,2,1,1,5,21,1,0,20
728,0,3,0,1,4,7.8542,0,1,10
729,1,2,1,1,6,13,0,1,2
730,0,3,1,2,5,14.4583,1,0,3
731,1,3,0,2,5,7.2292,0,1,13
732,1,3,0,1,5,6.975,0,1,8
733,0,2,0,1,5,13,0,1,1
734,0,2,0,1,4,10.5,0,1,18
735,0,3,0,1,6,9,0,1,22
736,1,3,1,2,6,7.2292,0,1,13
737,0,3,0,1,6,7.8958,0,1,18
738,0,3,0,1,5,7.8958,0,1,12
739,1,3,1,1,4,7.8542,1,0,1
740,0,3,1,1,6,14.5,0,1,18
741,0,3,0,3,5,15.5,1,0,15
742,0,3,0,1,6,16.1,1,0,20
743,1,3,0,1,1,9.35,1,0,1
744,1,3,1,3,3,7.7333,0,1,7
745,1,1,1,2,6,83.1583,2,0,3
746,0,1,1,1,7,221.7792,1,0,19
747,0,3,0,1,5,7.8792,0,1,12
748,0,3,0,1,5,7.8958,0,1,4
749,0,3,1,3,5,7.75,0,1,14
750,0,3,0,1,5,8.05,0,1,3
751,1,3,1,1,1,31.3875,6,0,1
752,0,3,0,1,1,31.275,6,0,1
753,0,3,1,2,2,15.2458,2,0,2
754,1,3,0,1,4,7.8875,0,1,8
755,1,2,1,2,4,13.7917,0,1,10
756,0,3,0,1,4,7.7958,0,1,19
757,0,1,0,2,6,227.525,1,0,1
758,0,2,0,1,6,12.875,0,1,23
759,1,3,1,1,1,22.025,2,0,11
760,0,2,0,3,7,9.6875,0,1,13
761,1,2,1,1,2,39,3,0,2
762,0,3,1,1,4,7.8542,0,1,2
763,1,1,0,2,6,25.7417,0,1,15
764,0,1,0,1,6,26,0,1,3
765,0,3,0,1,6,24.15,2,0,22
766,1,3,0,1,5,8.1125,0,1,10
767,1,1,1,1,4,55,1,0,3
768,0,3,0,2,5,6.4375,0,1,12
769,0,3,0,2,3,7.2292,0,1,11
770,0,3,0,3,5,7.725,0,1,19
771,0,3,1,3,5,7.8792,0,1,2
772,0,3,0,1,3,18,2,0,22
773,1,2,1,1,4,14.5,2,0,8
774,0,3,1,3,6,7.75,0,1,6
775,1,3,1,1,5,16.1,1,0,20
776,0,3,1,3,6,7.75,0,1,8
777,0,3,0,1,5,8.05,0,1,3
778,0,1,0,1,6,51.8625,0,1,13
779,1,1,1,1,6,153.4625,0,1,19
780,1,1,1,1,5,78.85,0,1,2
781,0,3,0,2,4,7.225,0,1,2
782,0,3,0,1,5,8.05,0,1,1
783,0,1,0,1,6,61.175,1,0,3
784,0,3,0,1,5,7.925,0,1,16
785,0,3,0,1,6,8.05,0,1,13
786,1,3,1,2,5,15.2458,2,0,20
787,1,2,1,1,6,26,1,0,12
788,0,2,0,1,5,10.5,0,1,2
789,0,1,0,1,5,45.5,0,1,12
790,0,3,1,1,5,13.775,2,0,16
791,0,3,0,1,5,9.5,0,1,22
792,1,3,0,1,2,15.9,2,0,3
793,0,2,0,1,5,73.5,2,0,8
794,1,1,1,1,6,61.175,1,0,3
795,0,2,0,1,6,13,0,1,16
796,0,3,0,3,1,29.125,5,0,18
797,0,3,1,1,6,7.75,0,1,12
798,1,2,1,1,4,65,3,0,8
799,1,1,1,1,3,39.4,1,0,12
800,1,2,1,1,4,65,3,0,8
801,0,3,1,1,4,8.6625,2,0,11
802,0,3,1,1,5,8.6625,0,1,3
803,1,3,0,1,4,56.4958,0,1,6
804,1,1,1,2,5,27.7208,0,1,3
805,0,3,0,1,4,16.1,1,0,13
806,0,1,0,1,7,26.55,0,1,19
807,1,1,1,2,6,146.5208,1,0,19
808,0,3,1,1,6,8.05,0,1,13
809,1,3,1,3,4,7.725,0,1,2
810,0,1,0,2,6,50.4958,0,1,2
811,0,2,0,2,4,15.0458,0,1,13
812,0,3,0,1,5,16.1,1,0,12
813,0,3,0,1,5,7.3125,0,1,15
814,0,3,0,1,3,7.7958,0,1,6
815,0,1,0,1,5,26.55,0,1,11
816,1,2,1,1,6,13,0,1,19
817,0,1,0,1,4,60,1,0,19
818,1,3,0,2,4,7.225,0,1,22
819,0,2,0,2,5,15.0333,0,1,16
820,0,3,1,3,6,7.6292,0,1,15
821,0,3,0,1,3,7.775,0,1,5
822,0,3,1,3,5,7.75,0,1,13
823,0,3,1,3,5,7.75,0,1,15
824,0,3,0,3,6,7.75,1,0,11
825,0,3,0,1,4,9.35,0,1,2
826,0,3,0,1,4,7.4958,0,1,3
827,0,3,0,1,4,8.6625,0,1,15
828,0,2,1,1,6,10.5,0,1,13
829,1,1,1,1,4,66.6,1,0,16
830,0,3,0,2,6,7.2292,0,1,20
831,0,1,0,1,6,79.65,2,0,20
832,0,2,1,1,3,13,2,0,8
833,0,1,0,1,4,0,0,1,16
834,0,3,0,3,4,7.25,0,1,3
835,0,1,0,2,6,75.2417,0,1,13
836,1,2,1,1,5,21,0,1,3
837,1,2,1,1,4,23,3,0,8
838,0,2,1,1,5,13,0,1,3
839,0,2,0,1,6,13,0,1,13
840,0,3,0,1,6,7.0542,0,1,12
841,0,3,1,1,6,20.2125,2,0,18
842,0,2,0,1,5,0,0,1,6
843,1,1,1,2,6,76.7292,1,0,8
844,1,2,1,1,3,10.5,0,1,9
845,1,3,0,3,5,7.75,0,1,18
846,1,3,0,1,2,12.475,1,0,13
847,0,2,0,1,3,65,0,1,19
848,0,3,0,1,5,69.55,10,0,19
849,0,3,0,1,6,31.275,6,0,1
850,0,3,0,1,4,7.05,0,1,3
851,1,3,0,1,5,22.025,4,0,11
852,0,2,0,1,6,0,0,1,16
853,1,1,1,1,6,26.55,0,1,2
854,0,3,0,1,1,39.6875,5,0,16
855,0,3,0,1,4,7.775,0,1,12
856,0,2,0,1,3,11.5,0,1,2
857,0,3,0,1,6,23.45,3,0,10
858,1,2,0,1,6,13,0,1,8
859,0,3,0,1,5,7.8958,0,1,13
860,0,3,1,1,6,34.375,4,0,6
861,0,3,0,1,4,7.925,0,1,19
862,0,1,0,2,6,71.2833,1,0,3
863,1,1,0,1,5,30.5,0,1,4
864,0,3,0,1,5,22.525,0,1,8
865,0,1,0,1,6,55.9,1,0,19
866,0,3,0,2,4,21.6792,2,0,19
867,1,3,1,1,1,16.7,2,0,19
868,0,3,0,1,3,7.55,0,1,13
869,1,2,1,1,6,23,4,0,8
870,0,3,0,1,4,13.9,1,0,4
871,0,3,0,1,5,7.925,0,1,20
872,0,3,0,1,6,31.3875,6,0,1
873,0,1,0,2,5,27.7208,0,1,15
874,0,3,0,1,4,24.15,2,0,4
875,0,2,0,1,5,0,0,1,11
876,0,3,0,1,4,8.05,0,1,19
877,1,1,1,2,6,134.5,2,0,19
878,0,3,0,1,5,7.8542,1,0,8
879,0,1,0,1,6,38.5,0,1,7
880,0,3,0,1,4,8.05,0,1,2
881,0,2,0,1,4,36.75,2,0,14
882,0,2,1,1,5,21,0,1,3
883,0,2,0,1,5,26,0,1,19
884,0,2,0,1,5,26,1,0,23
885,0,3,0,2,6,21.6792,2,0,19
886,0,3,0,1,3,8.6625,0,1,3
887,1,1,0,1,6,35.5,0,1,23
888,1,2,1,1,2,26.25,2,0,3
889,1,1,1,2,4,262.375,4,0,18
890,0,3,1,1,2,27.9,5,0,19
891,1,3,0,1,5,8.6625,0,1,12